,product_name,product_price,product_availability,date,store,search_term,product_price_dollar
0,CREMA DE LECHE TACHIRA 250 G (UN),Bs. 19.74,True,24/08/2022,Plazas,leche,3.1424614355986433
1,CREMA DE LECHE TACHIRA 500 G (UN),Bs. 35.91,True,24/08/2022,Plazas,leche,5.716605377525192
2,CREMA DE LECHE SANTA MARIA 500G (UN),Bs. 34.68,True,24/08/2022,Plazas,leche,5.520798509957496
3,CREMA DE LECHE PREFERIDA 400G (UN),Bs. 38.06,True,24/08/2022,Plazas,leche,6.058869414330516
4,CREMA DE LECHE LA NATERA 450G (UN),Bs. 34.53,True,24/08/2022,Plazas,leche,5.496919623668752
5,LECHE COND BELLA HOLAND ORIG VEGET 397G (UN),Bs. 14.76,True,24/08/2022,Plazas,leche,2.3496824108123597
6,LECHE POLVO DESCREMAD CAMPESTRE SOB 900G (UN),Bs. 98.34,True,24/08/2022,Plazas,leche,15.654997850900235
7,LECHE POLVO CAMPESTRE EXTRA CALCIO 1KG (UN),Bs. 75.49,True,24/08/2022,Plazas,leche,12.017447506248308
8,LECHE SEMIDESCREMADA CAMPESTRE 450 GR,$ 6.33,True,24/08/2022,Gama,leche,6.33
9,LECHE CONDENSADA KALDINI 380 GR,$ 2.38,True,24/08/2022,Gama,leche,2.38
10,LECHE COMPLETA MILEX 1 LT,$ 2.07,True,24/08/2022,Gama,leche,2.07
11,CEREAL FLIPS DULCE DE LECHE 220 GR,$ 3.05,True,24/08/2022,Gama,leche,3.05
12,LECHE DESCREMADA UHT MI VACA 1 LT,$ 2.01,True,24/08/2022,Gama,leche,2.01
13,LECHE DESCREMADA UHT LA PASTOREÑA 1 LT,$ 1.85,True,24/08/2022,Gama,leche,1.85
14,LECHE COMPLETA UHT LA PASTOREÑA 1 LT,$ 2.07,True,24/08/2022,Gama,leche,2.07
15,CREMA DE LECHE SANTA MARÍA 250 GR,$ 3.40,True,24/08/2022,Gama,leche,3.4
16,CEREAL FLIPS DULCE DE LECHE 120 GR,$ 1.84,True,24/08/2022,Gama,leche,1.84
17,CHOCOLATE DE LECHE SAVOY 70 GR,$ 1.95,True,24/08/2022,Gama,leche,1.95
18,LECHE DESCREMADA POLVO CAMPESTRE 900 GR,$ 15.77,True,24/08/2022,Gama,leche,15.77
19,CHOCOLATE DE LECHE SAVOY 130 GR,$ 3.45,True,24/08/2022,Gama,leche,3.45
20,CREMA DE LECHE PAISA 500 GR,$ 5.72,True,24/08/2022,Gama,leche,5.72
21,LECHE COMPLETA EXTRA CALCIO CAMPESTRE 1 KG,$ 12.40,True,24/08/2022,Gama,leche,12.4
22,LECHE DESCREMADA UHT PURÍSIMA 1 LT,$ 1.94,True,24/08/2022,Gama,leche,1.94
23,CEREAL CON DULCE LECHE FLIPS 6 UN,$ 3.05,True,24/08/2022,Gama,leche,3.05
24,LECHE COMPLETA UHT PURISIMA 1 LT,$ 2.04,True,24/08/2022,Gama,leche,2.04
25,LECHE DESCREMADA DESLACTOSADA UHT PURISIMA 1 L,$ 2.12,True,24/08/2022,Gama,leche,2.12
26,LECHE CONDENSADA CAMPONESA EMBARE 395 GR,$ 2.24,True,24/08/2022,Gama,leche,2.24
27,LECHE SEMIDESCREMADA UHT BOLSA CAMPESTRE 1 LT,$ 1.59,True,24/08/2022,Gama,leche,1.59
28,LECHE CONDENSADA SLIM NESTLE 395 GR,$ 2.75,True,24/08/2022,Gama,leche,2.75
29,LECHE ENTERA ESTERILIZADA UHT CARABOBO 1 LT,$ 2.17,True,24/08/2022,Gama,leche,2.17
30,LECHE CONDENSADA AZUCARADA WEPA 395 GR,$ 2.71,True,24/08/2022,Gama,leche,2.71
31,CREMA DE LECHE NESTLE 300 GR,$ 2.74,True,24/08/2022,Gama,leche,2.74
32,LECHE ENTERA UHT CAMPESTRE BOLSA 1 LT,$ 1.56,True,24/08/2022,Gama,leche,1.56
33,LECHE COMPLETA POLVO ZULI MILK 500 GR,$ 7.73,True,24/08/2022,Gama,leche,7.73
34,LECHE DESCREMADA UHT PARMALAT 1 LT,$ 2.69,True,24/08/2022,Gama,leche,2.69
35,CREMA DE LECHE PARMALAT 200 ML,$ 1.64,True,24/08/2022,Gama,leche,1.64
36,LECHE CONDENSADA AZUCARADA PARMALAT 395 GR,$ 2.92,True,24/08/2022,Gama,leche,2.92
37,LECHE EN POLVO FORTICRECE NIDO 800 GR,$ 11.74,True,24/08/2022,Gama,leche,11.74
38,LECHE DESCREMADA UHT BOLSA CAMPESTRE 1 LT,$ 1.61,True,24/08/2022,Gama,leche,1.61
39,LECHE DESLACTOSADA SEMIDESCREMADA UHT ZYMIL 946 ML,$ 1.95,True,24/08/2022,Gama,leche,1.95
40,LECHE COMPLETA BOLSA UPACA 900 GR,$ 9.59,True,24/08/2022,Gama,leche,9.59
41,CREMA DE LECHE DAIRY SKY 170 GR,$ 2.46,True,24/08/2022,Gama,leche,2.46
42,LECHE EVAPORADA RED & WHITE 354 GR,$ 2.44,True,24/08/2022,Gama,leche,2.44
43,CHOCOLATE DE LECHE ST. MORITZ BARRA 500 GR,$ 8.00,True,24/08/2022,Gama,leche,8.0
44,CHOCOLATE DE LECHE SIN AZÚCAR ST MORITZ 100 GR,$ 2.67,True,24/08/2022,Gama,leche,2.67
45,CHOCOLATE DE LECHE SAVOY 12 UN X 30 GR,$ 11.14,True,24/08/2022,Gama,leche,11.14
46,GALLETA DE MANTEQUILLA CON LECHE RENATA133 GR,$ 0.52,True,24/08/2022,Gama,leche,0.52
47,LECHE SEMI DESCREMADA EN POLVO CAMPESTRE 900 GR,$ 11.83,True,24/08/2022,Gama,leche,11.83
48,LECHE EN POLVO SEMI DESCREMADA LA CAMPIÑA 900 GR,$ 10.50,True,24/08/2022,Gama,leche,10.5
49,LECHE COMPLETA EN BOLSA LA CAMPIÑA 900 GR,$ 10.62,True,24/08/2022,Gama,leche,10.62
50,LECHE DESCREMADA DESLACTOSADA UHT LA PASTOREÑA 1 LT,$ 2.09,True,24/08/2022,Gama,leche,2.09
51,JABON MULTICARE MIEL CON LECHE DALAN 75 GR,$ 0.60,True,24/08/2022,Gama,leche,0.6
52,LECHE EN  POLVO COMPLETA LA CAMPIÑA 500 GR,$ 6.56,True,24/08/2022,Gama,leche,6.56
53,LECHE DESCREMADA LIGHT UHT SAN SIMON 1 LT,$ 1.93,True,24/08/2022,Gama,leche,1.93
54,"CHOCOLATE DE LECHE M&M's 47,9 GR",$ 1.58,True,24/08/2022,Gama,leche,1.58
55,LECHE DE ALMENDRAS SIN AZUCAR KIRKLAND 946 ML,$ 3.63,True,24/08/2022,Gama,leche,3.63
56,LECHE EN POLVO SEMIDESCREMADA SAN SIMON 400 GR,$ 5.23,True,24/08/2022,Gama,leche,5.23
57,JABON EN BARRA CON LECHE DE COCO DOVE 90 GR,$ 1.13,True,24/08/2022,Gama,leche,1.13
58,LECHE EN POLVO CON HIERRO LA CAMPESINA 800 GR,$ 10.40,True,24/08/2022,Gama,leche,10.4
59,LECHE COMPLETA EN BOLSA LA CAMPESTRE 900 GR,$ 10.53,True,24/08/2022,Gama,leche,10.53
60,LECHE EN POLVO BOLSA HOLLAND HORIZON 900 GR,$ 11.71,True,24/08/2022,Gama,leche,11.71
61,LECHE EN POLVO DESCREMADA DAIRY SKY 400 GR,$ 4.93,True,24/08/2022,Gama,leche,4.93
62,LECHE DE ALMENDRAS SIN AZÚCAR VILAY 1 LT,$ 4.84,True,24/08/2022,Gama,leche,4.84
63,LECHE DE ALMENDRAS SABOR CHOCOLATE VILAY 1 LT,$ 5.45,True,24/08/2022,Gama,leche,5.45
64,LECHE DE ALMENDRAS SABOR VAINILLA VILAY 1 LT,$ 5.45,True,24/08/2022,Gama,leche,5.45
65,LECHE DE COCO SIN AZÚCAR VILAY 1 LT,$ 5.45,True,24/08/2022,Gama,leche,5.45
66,DONUTS CUBIERTAS CON CHOCOLATE LECHE COSTA 100 GR,$ 1.95,True,24/08/2022,Gama,leche,1.95
67,LECHE DE SOYA EN POLVO SOYA KLIM 500 GR,$ 7.26,True,24/08/2022,Gama,leche,7.26
68,LECHE CONDENSADA AZUCARADA NATULAC 397 GR,$ 2.03,False,24/08/2022,Gama,leche,2.03
69,CREMA DE LECHE SANTA MARÍA 500 GR,$ 5.70,False,24/08/2022,Gama,leche,5.7
70,CREMA DE LECHE PAISA 250 GR,$ 3.14,False,24/08/2022,Gama,leche,3.14
71,CHOCOLATE CON LECHE ANIVERSARIO SAVOY 100 GR,$ 2.61,False,24/08/2022,Gama,leche,2.61
72,LECHE EN POLVO SEMIDESCREMADA SVELTY 400 GR,$ 6.25,False,24/08/2022,Gama,leche,6.25
73,LECHE CONDENSADA AZUCARADA UHT NATULAC 340 GR,$ 1.83,False,24/08/2022,Gama,leche,1.83
74,LECHE COMPLETA UHT SAN SIMON 1 LT,$ 1.88,False,24/08/2022,Gama,leche,1.88
75,LECHE EVAPORADA DI FIORE 400 GR,$ 1.69,False,24/08/2022,Gama,leche,1.69
76,CREMA DE LECHE NESTLE 1 KG,$ 8.02,False,24/08/2022,Gama,leche,8.02
77,LECHE COMPLETA POLVO ZULI MILK 900 GR,$ 12.14,False,24/08/2022,Gama,leche,12.14
78,FRUTOS MIXTOS CUBIERTOS CON CHOCOLATE DE LECHE SIN AZÚCAR ST MORITZ 40 GR,$ 1.00,True,24/08/2022,Gama,leche,1.0
79,CHOCOLATE CON LECHE CON AZUCAR 34% CACAO EL REY 80 GR,$ 4.19,True,24/08/2022,Gama,leche,4.19
80,CHOCOLATE CON LECHE SIN AZUCAR 34% CACAO EL REY 80 GR,$ 4.28,True,24/08/2022,Gama,leche,4.28
81,MANI CUBIERTO CON CHOCOLATE DE LECHE ST MORITZ 40 GR,$ 0.74,False,24/08/2022,Gama,leche,0.74
82,CREMA DE LECHE DE COCINA HOPLA 1 LT,$ 6.59,False,24/08/2022,Gama,leche,6.59
83,LECHE EN POLVO COMPLETA INSTANTANEA MILEX 800 GR,$ 9.39,False,24/08/2022,Gama,leche,9.39
84,BARRAS DE AVENA CON DULCE DE LECHE GOLDEN BAR AVELINA 6 UN 132 GR,$ 3.03,False,24/08/2022,Gama,leche,3.03
85,Leche DairySky Descremada Paquete 400Gr,$ 4.71,True,24/08/2022,Central Madeirense,leche,4.71
86,Leche Vacalac Descremada Paquete 400Gr,$ 4.91,True,24/08/2022,Central Madeirense,leche,4.91
87,Leche Dairy Sky Condensada Descremada 397Gr,$ 1.75,True,24/08/2022,Central Madeirense,leche,1.75
88,Leche Wepa Evaporada 400Gr,$ 3.02,True,24/08/2022,Central Madeirense,leche,3.02
89,Leche Cemil Condensada 198Gr,$ 1.43,True,24/08/2022,Central Madeirense,leche,1.43
90,Leche San Simon Completa En Polvo 400Gr,$ 5.22,True,24/08/2022,Central Madeirense,leche,5.22
91,Leche Cemil Condensada Integral 395Gr,$ 2.55,True,24/08/2022,Central Madeirense,leche,2.55
92,Leche Los Andes Entera 900Ml,$ 2.26,True,24/08/2022,Central Madeirense,leche,2.26
93,Leche Holland Horizon En Polvo Bolsa 900Gr,$ 10.61,True,24/08/2022,Central Madeirense,leche,10.61
94,Leche Condensada Wepa Condylac Azucarada 395g,$ 1.94,True,24/08/2022,Central Madeirense,leche,1.94
95,Leche DairySky Descremada Paquete 400Gr,$ 4.71,True,24/08/2022,Central Madeirense,leche,4.71
96,Leche Vacalac Descremada Paquete 400Gr,$ 4.91,True,24/08/2022,Central Madeirense,leche,4.91
97,Leche Dairy Sky Condensada Descremada 397Gr,$ 1.75,True,24/08/2022,Central Madeirense,leche,1.75
98,Leche Wepa Evaporada 400Gr,$ 3.02,True,24/08/2022,Central Madeirense,leche,3.02
99,Leche Cemil Condensada 198Gr,$ 1.43,True,24/08/2022,Central Madeirense,leche,1.43
100,Leche San Simon Completa En Polvo 400Gr,$ 5.22,True,24/08/2022,Central Madeirense,leche,5.22
101,Leche Cemil Condensada Integral 395Gr,$ 2.55,True,24/08/2022,Central Madeirense,leche,2.55
102,Leche Los Andes Entera 900Ml,$ 2.26,True,24/08/2022,Central Madeirense,leche,2.26
103,Leche Holland Horizon En Polvo Bolsa 900Gr,$ 10.61,True,24/08/2022,Central Madeirense,leche,10.61
104,Leche Condensada Wepa Condylac Azucarada 395g,$ 1.94,True,24/08/2022,Central Madeirense,leche,1.94
105,Leche San Simon Completa En Polvo 900Gr,$ 10.58,True,24/08/2022,Central Madeirense,leche,10.58
106,Leche Condensada Wepa Original Azucar.L/G 395g,$ 2.63,True,24/08/2022,Central Madeirense,leche,2.63
107,Leche Los Andes Entera 1.8Lt,$ 4.14,True,24/08/2022,Central Madeirense,leche,4.14
108,Leche Vilay AlmendraChoc.1L,$ 4.50,True,24/08/2022,Central Madeirense,leche,4.5
109,Leche Natulac Condensada 397Gr,$ 2.20,True,24/08/2022,Central Madeirense,leche,2.2
110,Leche Upaca Completa Paquete 900Gr,$ 8.99,True,24/08/2022,Central Madeirense,leche,8.99
111,Leche Purisima Desc. Deslactosada UHT 1Lt,$ 2.19,True,24/08/2022,Central Madeirense,leche,2.19
112,Leche San Simon Completa EsterilizadaUHT 1L,$ 1.89,True,24/08/2022,Central Madeirense,leche,1.89
113,Leche Kirkland De Soya Vainilla 946Ml,$ 3.71,True,24/08/2022,Central Madeirense,leche,3.71
114,Leche La Pastoreña Descr.Deslactosada UHT 1Lt,$ 1.91,True,24/08/2022,Central Madeirense,leche,1.91
115,Leche La Campiña Completa Paquete 500Gr,$ 6.40,True,24/08/2022,Central Madeirense,leche,6.4
116,Leche Kirkaland D/Almendra Or.Vainilla 946Ml,$ 4.19,True,24/08/2022,Central Madeirense,leche,4.19
117,Leche Purisima Descremada UHT 1Lt,$ 1.99,True,24/08/2022,Central Madeirense,leche,1.99
118,Leche Purisima Completa UHT 1Lt,$ 2.10,True,24/08/2022,Central Madeirense,leche,2.1
119,Leche Canprolac Forticrece Sachet Paq.800Gr,$ 11.89,True,24/08/2022,Central Madeirense,leche,11.89
120,Leche La Pastoreña Descremada UHT 1Lt,$ 1.82,True,24/08/2022,Central Madeirense,leche,1.82
121,Leche La Pastoreña Completa UHT 1Lt,$ 1.91,True,24/08/2022,Central Madeirense,leche,1.91
122,Leche Kirkaland D/Almendras Or.S/Azucar 960Ml,$ 3.40,True,24/08/2022,Central Madeirense,leche,3.4
123,Leche Parmalat Completa Pasteurizada 1.8Lt,$ 5.97,True,24/08/2022,Central Madeirense,leche,5.97
124,Leche San Simon Descremada EsterilizadUHT1L,$ 1.89,True,24/08/2022,Central Madeirense,leche,1.89
125,Leche La Campiña Completa Paquete 900Gr,$ 10.40,True,24/08/2022,Central Madeirense,leche,10.4
126,Leche Svelty Semidescremada Paquete 400Gr,$ 6.55,True,24/08/2022,Central Madeirense,leche,6.55
127,Crema De Leche Natisima Criolla 250Gr,$ 2.58,True,24/08/2022,Central Madeirense,leche,2.58
128,Chicha San Simon Con Leche UHT 1L,$ 2.85,True,24/08/2022,Central Madeirense,leche,2.85
129,Crema Dairy Sky De Leche 170Gr,$ 1.70,True,24/08/2022,Central Madeirense,leche,1.7
130,Galleta Noel Tipo Leche 21×15.3Gr,$ 2.54,True,24/08/2022,Central Madeirense,leche,2.54
131,Jabon Dove Leche De Coco 90Gr,$ 1.13,True,24/08/2022,Central Madeirense,leche,1.13
132,Crema De Leche Purisima 500Gr,$ 6.19,True,24/08/2022,Central Madeirense,leche,6.19
133,Crema De Leche Purisima 250Gr,$ 3.65,True,24/08/2022,Central Madeirense,leche,3.65
134,Chocolate Savoy Leche 70Gr,$ 1.79,True,24/08/2022,Central Madeirense,leche,1.79
135,Cereal Flips Dulce Leche 220Gr,$ 2.83,True,24/08/2022,Central Madeirense,leche,2.83
136,Cereal Flips Dulce Leche 120Gr,$ 1.70,True,24/08/2022,Central Madeirense,leche,1.7
137,Crema De Leche Hopla Azucarado 1000ml,$ 5.30,True,24/08/2022,Central Madeirense,leche,5.3
138,Crema Nestle De Leche 300Gr,$ 2.79,True,24/08/2022,Central Madeirense,leche,2.79
139,Crema De leche Tachira Pasteurizada 500Gr,$ 5.50,True,24/08/2022,Central Madeirense,leche,5.5
140,Chocolate Savoy Leche 30Gr,$ 0.88,True,24/08/2022,Central Madeirense,leche,0.88
141,Chocolate Nestle KitKat Finger Leche 41.5Gr,$ 0.96,True,24/08/2022,Central Madeirense,leche,0.96
142,Crema De Leche Los Andes 500Gr,$ 4.80,True,24/08/2022,Central Madeirense,leche,4.8
143,Crema De Leche Santa Maria Tina 500Gr,$ 5.53,True,24/08/2022,Central Madeirense,leche,5.53
144,Chocolate Savoy Leche 130Gr,$ 3.17,True,24/08/2022,Central Madeirense,leche,3.17
145,ALFAJORES LA VAQUITA AZUL 170GR D/LECHE,Bs. 12.06,True,24/08/2022,Plan Suarez,leche,1.919862457614977
146,ALIMENTO GATOS WHISKAS 1KG CARNE LECHE,Bs. 59.39,True,24/08/2022,Plan Suarez,leche,9.454447044589841
147,ALIMENTO GATOS WHISKAS 500GR CARNE LECHE,Bs. 32.48,True,24/08/2022,Plan Suarez,leche,5.170574844389257
148,BOMBILLO TIPO VELA 40W DELCA LECHE E27,Bs. 9.78,True,24/08/2022,Plan Suarez,leche,1.5569033860260757
149,CEREAL FLIPS 120GR DULCE DE LECHE,Bs. 10.20,True,24/08/2022,Plan Suarez,leche,1.6237642676345574
150,CEREAL FLIPS 220GR DULCE DE LECHE,Bs. 16.73,True,24/08/2022,Plan Suarez,leche,2.663291784071191
151,CEREAL FLIPS 220GR DULCE DE LECHE COLOMB,Bs. 16.73,True,24/08/2022,Plan Suarez,leche,2.663291784071191
152,CEREAL FLIPS 6 X 28GR DULCE DE LECHE,Bs. 16.70,True,24/08/2022,Plan Suarez,leche,2.6585160068134424
153,CEREAL MEGA BIT 6X38GR DULCE LECHE,Bs. 16.23,True,24/08/2022,Plan Suarez,leche,2.583695496442046
154,CHOCOLATE EN GOTAS LECHE X KG,Bs. 55.68,True,24/08/2022,Plan Suarez,leche,8.863842590381585
155,CHOCOLATE SAVOY 130GR CON LECHE,Bs. 19.02,True,24/08/2022,Plan Suarez,leche,3.0278427814126747
156,CHOCOLATE SAVOY MULTIPACK4X30G LECHE,Bs. 18.22,True,24/08/2022,Plan Suarez,leche,2.900488721206043
157,CHOCOLATE ST MORITZ 100GR LECHE SINAZUCA,Bs. 16.23,True,24/08/2022,Plan Suarez,leche,2.583695496442046
158,CHOCOLATE ST MORITZ 500GR DE LECHE,Bs. 45.23,True,24/08/2022,Plan Suarez,leche,7.200280178932454
159,CHOCOLATE TOBLERONE 100GR LECHE,Bs. 17.63,True,24/08/2022,Plan Suarez,leche,2.8065651018036517
160,CREMA DE LECHE AGUA LINDA 500GR,Bs. 24.49,True,24/08/2022,Plan Suarez,leche,3.8986261680755208
161,CREMA DE LECHE BELLA HOLANDESA 170GR,Bs. 13.32,True,24/08/2022,Plan Suarez,leche,2.120445102440422
162,CREMA DE LECHE BIANCA LIEVE 1LT CON AZUC,Bs. 31.98,True,24/08/2022,Plan Suarez,leche,5.090978556760113
163,CREMA DE LECHE BIANCA LIEVE COCINA 1LT,Bs. 30.71,True,24/08/2022,Plan Suarez,leche,4.888803986182085
164,CREMA DE LECHE DAIRY SKY 170G,Bs. 12.97,True,24/08/2022,Plan Suarez,leche,2.0647277011000207
165,CREMA DE LECHE DI FIORE 170G,Bs. 9.05,True,24/08/2022,Plan Suarez,leche,1.4406928060875241
166,CREMA DE LECHE KALDINI 170GR,Bs. 11.80,True,24/08/2022,Plan Suarez,leche,1.8784723880478216
167,CREMA DE LECHE LA PREFERIDA 400GR,Bs. 24.88,True,24/08/2022,Plan Suarez,leche,3.960711272426254
168,CREMA DE LECHE LOS ANDES 500GR,Bs. 26.94,True,24/08/2022,Plan Suarez,leche,4.288647977458331
169,CREMA DE LECHE NESTLE 300GR,Bs. 13.98,True,24/08/2022,Plan Suarez,leche,2.2255122021108935
170,CREMA DE LECHE PARMALAT 1 LT UHT,Bs. 45.44,True,24/08/2022,Plan Suarez,leche,7.233710619736695
171,CREMA DE LECHE PURISIMA 250GR,Bs. 18.84,True,24/08/2022,Plan Suarez,leche,2.999188117866183
172,CREMA DE LECHE PURISIMA 500GR,Bs. 35.51,True,24/08/2022,Plan Suarez,leche,5.652928347421876
173,CREMA DE LECHE SANTA MARIA 250GR,Bs. 18.93,True,24/08/2022,Plan Suarez,leche,3.0135154496394287
174,CREMA DE LECHE SANTA MARIA 500GR,Bs. 31.37,True,24/08/2022,Plan Suarez,leche,4.993871085852556
175,CREMA DE LECHE TACHIRA 250GR,Bs. 17.90,True,24/08/2022,Plan Suarez,leche,2.84954709712339
176,CREMA DE LECHE TACHIRA 500GR,Bs. 32.49,True,24/08/2022,Plan Suarez,leche,5.172166770141841
177,DULCE DE LECHE NATULAC 380G,Bs. 20.80,True,24/08/2022,Plan Suarez,leche,3.3112055653724313
178,GALLETA RENATA 140G LECHE MIEL Y GRANOLA,Bs. 4.79,True,24/08/2022,Plan Suarez,leche,0.762532435487209
179,GALLETA RENATA 360GR DULCE DE LECHE PACK,Bs. 14.15,True,24/08/2022,Plan Suarez,leche,2.252574939904803
180,GALLETAS FLAQUITO 240GR CHOCOLATE LECHE,Bs. 27.99,True,24/08/2022,Plan Suarez,leche,4.455800181479535
181,GALLETAS ROSCAS LA FAMÑ LECHE 330GR,Bs. 12.90,True,24/08/2022,Plan Suarez,leche,2.0535842208319406
182,GRAGEAS DE CHOCOLATE M&M  LECHE,Bs. 9.92,True,24/08/2022,Plan Suarez,leche,1.5791903465622363
183,JABON DALAN 125GR MIEL CON LECHE,Bs. 5.83,True,24/08/2022,Plan Suarez,leche,0.9280927137558305
184,JABON DALAN 125GR PEPINO CON LECHE,Bs. 5.83,True,24/08/2022,Plan Suarez,leche,0.9280927137558305
185,JABON DALAN 75GR  ALMENDRA CON LECHE,Bs. 3.43,True,24/08/2022,Plan Suarez,leche,0.5460305331359345
186,JABON DALAN 75GR MIEL CON LECHE,Bs. 3.43,True,24/08/2022,Plan Suarez,leche,0.5460305331359345
187,JABON DALAN 75GR PEPINO CON LECHE,Bs. 3.43,True,24/08/2022,Plan Suarez,leche,0.5460305331359345
188,JABON DALAN 90GR X3UND  MIEL CON LECHE,Bs. 12.33,True,24/08/2022,Plan Suarez,leche,1.962844452934715
189,JABON DALAN 90GR X3UND PEPINO CON LECHE,Bs. 12.33,True,24/08/2022,Plan Suarez,leche,1.962844452934715
190,JABON DOVE 90GR LECHE COCO JAZMIN,Bs. 6.97,True,24/08/2022,Plan Suarez,leche,1.1095722495502809
191,LECHE ALMENDRA SCOTTI UHT 1L,Bs. 25.18,True,24/08/2022,Plan Suarez,leche,4.008469045003741
192,LECHE CAMPESTRE 900 GR SEMI DESCREMDA,Bs. 67.45,True,24/08/2022,Plan Suarez,leche,10.737539201171659
193,LECHE CAMPROLAC 800GRS FORTICRECE,Bs. 73.60,True,24/08/2022,Plan Suarez,leche,11.71657353901014
194,LECHE COMPLETA CAMPESTRE 1KG EXT CALCIO,Bs. 72.66,True,24/08/2022,Plan Suarez,leche,11.566932518267349
195,LECHE COMPLETA PURISIMA 1 LT UHT,Bs. 11.55,True,24/08/2022,Plan Suarez,leche,1.838674244233249
196,LECHE CONDENSADA CAMPONESA 395GRS,Bs. 14.05,True,24/08/2022,Plan Suarez,leche,2.236655682378974
197,LECHE CONDENSADA DIFIORE 380 GRS,Bs. 9.69,True,24/08/2022,Plan Suarez,leche,1.5425760542528295
198,LECHE CONDENSADA NATULAC 340GRS,Bs. 11.45,True,24/08/2022,Plan Suarez,leche,1.82275498670742
199,LECHE CONDENSADA NATULAC 397 GRS LATA,Bs. 15.27,True,24/08/2022,Plan Suarez,leche,2.4308706241940876
200,LECHE DE COCO BADIA 400ML,Bs. 19.29,True,24/08/2022,Plan Suarez,leche,3.070824776732413
201,LECHE DE COCO EXOTCI FOOD 400ML,Bs. 18.14,True,24/08/2022,Plan Suarez,leche,2.88775331518538
202,LECHE DE COCO LA FE 400ML,Bs. 24.16,True,24/08/2022,Plan Suarez,leche,3.8460926182402853
203,LECHE DE COCO MONACO 400ML,Bs. 13.48,True,24/08/2022,Plan Suarez,leche,2.1459159144817486
204,LECHE DE COCO SAVIA 400ML,Bs. 19.81,True,24/08/2022,Plan Suarez,leche,3.153604915866724
205,LECHE DESC DESLACT PASTOREÑA 1 LT UHT,Bs. 10.95,True,24/08/2022,Plan Suarez,leche,1.743158699078275
206,LECHE DESC EN POLVO CAMPESTRE 900GR BOLS,Bs. 89.94,True,24/08/2022,Plan Suarez,leche,14.317780218730599
207,LECHE DESCREMADA PASTOREÑA 1 LT UHT,Bs. 9.40,True,24/08/2022,Plan Suarez,leche,1.4964102074279257
208,LECHE DESCREMADA PURISIMA 1 LT UHT,Bs. 11.03,True,24/08/2022,Plan Suarez,leche,1.755894105098938
209,LECHE DESCREMADA SAN SIMON 1 LT UHT,Bs. 10.40,True,24/08/2022,Plan Suarez,leche,1.6556027826862156
210,LECHE DESLACTOSADA SAN SIMON 1 LT UHT,Bs. 10.64,True,24/08/2022,Plan Suarez,leche,1.6938090007482052
211,LECHE ENTERA CAMPESTRE 1 LT UHT,Bs. 9.00,True,24/08/2022,Plan Suarez,leche,1.4327331773246097
212,LECHE ENTERA CARABOBO  1.5 LTS,Bs. 11.66,True,24/08/2022,Plan Suarez,leche,1.856185427511661
213,LECHE ENTERA CARABOBO 1 LT UHT,Bs. 12.86,True,24/08/2022,Plan Suarez,leche,2.047216517821609
214,LECHE ENTERA PASTOREÑA 1 LT UHT,Bs. 10.45,True,24/08/2022,Plan Suarez,leche,1.6635624114491299
215,LECHE ENTERA SAN SIMON 1 LT UHT,Bs. 10.64,True,24/08/2022,Plan Suarez,leche,1.6938090007482052
216,LECHE EVAPORADA BELLA HOLANDESA 405GR,Bs. 14.76,True,24/08/2022,Plan Suarez,leche,2.3496824108123597
217,LECHE LA CAMPESINA  800G HIERRO VITAM,Bs. 57.11,True,24/08/2022,Plan Suarez,leche,9.09148797300094
218,"LECHE LALO ENTERA 1,8LT",Bs. 21.25,True,24/08/2022,Plan Suarez,leche,3.3828422242386615
219,"LECHE LOS ANDES COMPLETA PASTEURIZ 1,8LT",Bs. 22.17,True,24/08/2022,Plan Suarez,leche,3.529299393476289
220,LECHE LOS ANDES COMPLETA PASTEURIZ 900ML,Bs. 21.76,True,24/08/2022,Plan Suarez,leche,3.46403043762039
221,LECHE NATULAC 1LT UHT LIQUIDA ENTERA,Bs. 11.76,True,24/08/2022,Plan Suarez,leche,1.8721046850374898
222,LECHE PARMALAT 1.8LTS PASTEURIZAD COMPLE,Bs. 36.06,True,24/08/2022,Plan Suarez,leche,5.740484263813936
223,LECHE POLVO CAMPESTRE 900GR COMPLETA,Bs. 67.28,True,24/08/2022,Plan Suarez,leche,10.710476463377749
224,LECHE POLVO DOBON 400GR COMPLETA,Bs. 21.71,True,24/08/2022,Plan Suarez,leche,3.456070808857475
225,LECHE POLVO LA CAMPIÑA 900GR COMPLETA,Bs. 63.35,True,24/08/2022,Plan Suarez,leche,10.084849642612669
226,LECHE POLVO SAN SIMON 900GR COMPLETA,Bs. 62.25,True,24/08/2022,Plan Suarez,leche,9.90973780982855
227,LECHE POLVO UPACA 900GR COMPLETA,Bs. 53.93,True,24/08/2022,Plan Suarez,leche,8.585255583679578
228,LECHE POLVO VACALAC 900GR,Bs. 56.09,True,24/08/2022,Plan Suarez,leche,8.929111546237484
229,LECHE SEM DESCR SVELTY 400GRS,Bs. 31.69,True,24/08/2022,Plan Suarez,leche,5.044812709935209
230,NATA DEAQUI 250GR DE LECHE,Bs. 12.15,True,24/08/2022,Plan Suarez,leche,1.934189789388223
231,SUERO CHERRY 700ML DE LECHE,Bs. 22.96,True,24/08/2022,Plan Suarez,leche,3.6550615279303376
232,SUERO DE LECHE GRAN PASTORA 500GR,Bs. 13.92,True,24/08/2022,Plan Suarez,leche,2.2159606475953963
233,SUERO DE LECHE GRAN PASTORA 500GR PICANT,Bs. 15.61,True,24/08/2022,Plan Suarez,leche,2.484996099781906
234,SUERO DE LECHE LA NATERA 900ML,Bs. 22.55,True,24/08/2022,Plan Suarez,leche,3.5897925720744386
235,TURRON MANI ST MORITZ  100GR CON LECHE,Bs. 10.54,True,24/08/2022,Plan Suarez,leche,1.677889743222376
236,ARROZ GALLO BLOND INTEGRAL 14 MIN 1KG (UN),Bs. 44.44,True,24/08/2022,Plazas,arroz,7.074518044478405
237,CREMA DE ARROZ PRIMOR ENRIQUEC 450G (UN),Bs. 11.99,True,24/08/2022,Plazas,arroz,1.9087189773468967
238,SOPA IBERIA POLLO CON ARROZ 65G (UN),Bs. 5.90,True,24/08/2022,Plazas,arroz,0.9392361940239108
239,CHOCOLATE CRICRI CON ARROZ 123 G (UN),Bs. 21.05,True,24/08/2022,Plazas,arroz,3.3510037091870037
240,GALLETAS LAURA DE ARROZ INFLADO 110G (UN),Bs. 23.46,True,24/08/2022,Plazas,arroz,3.7346578155594825
241,ARROZ MARY SUPERIOR 97% 1KG (UN),Bs. 7.60,True,24/08/2022,Plazas,arroz,1.2098635719630035
242,ARROZ AGUA BLANCA 97% TIPO 1 1K (UN),Bs. 8.10,True,24/08/2022,Plazas,arroz,1.2894598595921487
243,GALLETAS NATURGOURMET ARROZ CLASIC 75G (UN),Bs. 12.31,True,24/08/2022,Plazas,arroz,1.9596606014295495
244,ARROZ INTEGRAL MARY 800 GR,$ 1.21,True,24/08/2022,Gama,arroz,1.21
245,ARROZ BLANCO FINA 1 KG,$ 1.07,True,24/08/2022,Gama,arroz,1.07
246,ARROZ CARNAROLI COLAVITA 500 GR,$ 3.57,True,24/08/2022,Gama,arroz,3.57
247,ARROZ CARNAROLI COLAVITA 1 KG,$ 5.64,True,24/08/2022,Gama,arroz,5.64
248,ARROZ ARBORIO COLAVITA 500 GR,$ 3.29,True,24/08/2022,Gama,arroz,3.29
249,ARROZ MARY ESMERALDA 900 GR,$ 1.43,True,24/08/2022,Gama,arroz,1.43
250,ARROZ ARBORIO NUDELI 1 KG,$ 5.23,True,24/08/2022,Gama,arroz,5.23
251,ARROZ CARNAROLI NUDELI 1 KG,$ 5.23,True,24/08/2022,Gama,arroz,5.23
252,ARROZ GALLO RISO ARBORIO INVERNI 1 KG,$ 8.86,True,24/08/2022,Gama,arroz,8.86
253,ARROZ GALLO RISOTTO APARAGI GALLO 175gr,$ 6.66,True,24/08/2022,Gama,arroz,6.66
254,ARROZ BLANCO FINA DIAMANTE 1 KG,$ 1.14,True,24/08/2022,Gama,arroz,1.14
255,CREMA DE ARROZ ENRIQUECIDA PRIMOR 900 GR,$ 2.75,True,24/08/2022,Gama,arroz,2.75
256,CREMA DE ARROZ ENRIQUECIDA PRIMOR 450 GR,$ 1.73,True,24/08/2022,Gama,arroz,1.73
257,GALLETAS DE ARROZ INTEGRAL FINA 120 GR,$ 1.10,True,24/08/2022,Gama,arroz,1.1
258,ARROZ MARY SUPERIOR TIPO I 1 KG,$ 1.20,True,24/08/2022,Gama,arroz,1.2
259,ARROZ VAPORIZADO DORADO MARY 800 GR,$ 1.29,True,24/08/2022,Gama,arroz,1.29
260,ARROZ 97% GRANOS ENTEROS PRIMOR 1 KG,$ 1.50,True,24/08/2022,Gama,arroz,1.5
261,CREMA DE ARROZ POLLY BOLSA  450 GR,$ 1.87,True,24/08/2022,Gama,arroz,1.87
262,ARROZ TRADICIONAL TIPO I MARY 1 KG,$ 1.19,True,24/08/2022,Gama,arroz,1.19
263,ARROZ BLOND RISOTTI GALLO 1 KG,$ 7.03,True,24/08/2022,Gama,arroz,7.03
264,ARROZ ARBORIO RISO INVERNI GALLO 500 GR,$ 4.59,True,24/08/2022,Gama,arroz,4.59
265,HARINA MAÍZ BLANCO Y ARROZ P.A.N. 1 KG,$ 1.57,True,24/08/2022,Gama,arroz,1.57
266,ARROZ GALLO FUNGHI PORCINI RISO GALLO 175 GR,$ 6.66,True,24/08/2022,Gama,arroz,6.66
267,SOPA DE POLLO CON ARROZ IBERIA 65 GR,$ 0.95,True,24/08/2022,Gama,arroz,0.95
268,CREMA DE ARROZ EN BOLSA MARY 450 GR,$ 0.84,True,24/08/2022,Gama,arroz,0.84
269,BASE PARA ARROZ CON POLLO IBERIA 50 GR,$ 1.66,True,24/08/2022,Gama,arroz,1.66
270,CEREAL PREBIO 1 FE DE ARROZ MAIZ NESTUM 225 GR,$ 3.48,True,24/08/2022,Gama,arroz,3.48
271,BASE PARA COCINAR ARROZ PRIMAVERA IBERIA 50 GR,$ 1.66,True,24/08/2022,Gama,arroz,1.66
272,ARROZ PARA RISOTTO CON TRUFAS RISO GALLO 175 GR,$ 6.66,True,24/08/2022,Gama,arroz,6.66
273,ARROZ PARA RISOTTO CARNAROLI RISO GALLO 1 KG,$ 8.96,True,24/08/2022,Gama,arroz,8.96
274,ARROZ PREMIUM 99% GRANOS ENTEROS MARY 900 GR,$ 1.31,True,24/08/2022,Gama,arroz,1.31
275,"COMIDA PARA GATOS CARNE, ARROZ Y MAIZ GATSY 3 KG",$ 18.71,False,24/08/2022,Gama,arroz,18.71
276,CEREAL PREBIO 1 FE + ARROZ NESTUM 225 GR,$ 3.48,False,24/08/2022,Gama,arroz,3.48
277,ALIMENTO PARA PERRO K-NINA CARNE CON CEREALES Y ARROZ 2 KG,$ 7.45,True,24/08/2022,Gama,arroz,7.45
278,ALIMENTO PARA PERROS SABOR A CARNE CON CEREALES Y ARROZ K-NINA 8 KG,$ 25.11,True,24/08/2022,Gama,arroz,25.11
279,ALIMENTO PARA GATO GATSY SABOR A PESCADO/ARROZ/ESPINACA 3 KG,$ 18.71,False,24/08/2022,Gama,arroz,18.71
280,ALIMENTO PARA PERRO K-NINA CARNE CON CEREAL Y ARROZ 1 KG,$ 3.83,False,24/08/2022,Gama,arroz,3.83
281,Arroz De Mesa La Lucha Blanco Tipo I 1Kg,$ 1.08,True,24/08/2022,Central Madeirense,arroz,1.08
282,Arroz Primor Clasico 1Kg,$ 1.56,True,24/08/2022,Central Madeirense,arroz,1.56
283,Arroz Mary Integral 800Gr,$ 1.14,True,24/08/2022,Central Madeirense,arroz,1.14
284,Arroz Santoni Zafiro Blanco Tipo A 1Kg,$ 1.71,True,24/08/2022,Central Madeirense,arroz,1.71
285,Arroz Santoni Exelente Blanco Tipo I 1Kg,$ 1.28,True,24/08/2022,Central Madeirense,arroz,1.28
286,Alimento K-Nina Cchr.Carne Cereal Arroz 2Kg,$ 8.23,True,24/08/2022,Central Madeirense,arroz,8.23
287,Cereal La Cosecha Arroz Inf. S/ChocolateB500G,$ 3.64,True,24/08/2022,Central Madeirense,arroz,3.64
288,Bebida GreenStar De Arroz C/Coco UHT.1Lt,$ 3.09,True,24/08/2022,Central Madeirense,arroz,3.09
289,Base Iberia Para Arroz Primavera  50Gr,$ 1.60,True,24/08/2022,Central Madeirense,arroz,1.6
290,Crema De Arroz Primor Enriquecida 900Gr,$ 2.78,True,24/08/2022,Central Madeirense,arroz,2.78
291,Arroz De Mesa La Lucha Blanco Tipo I 1Kg,$ 1.08,True,24/08/2022,Central Madeirense,arroz,1.08
292,Arroz Primor Clasico 1Kg,$ 1.56,True,24/08/2022,Central Madeirense,arroz,1.56
293,Arroz Mary Integral 800Gr,$ 1.14,True,24/08/2022,Central Madeirense,arroz,1.14
294,Arroz Santoni Zafiro Blanco Tipo A 1Kg,$ 1.71,True,24/08/2022,Central Madeirense,arroz,1.71
295,Arroz Santoni Exelente Blanco Tipo I 1Kg,$ 1.28,True,24/08/2022,Central Madeirense,arroz,1.28
296,Alimento K-Nina Cchr.Carne Cereal Arroz 2Kg,$ 8.23,True,24/08/2022,Central Madeirense,arroz,8.23
297,Cereal La Cosecha Arroz Inf. S/ChocolateB500G,$ 3.64,True,24/08/2022,Central Madeirense,arroz,3.64
298,Bebida GreenStar De Arroz C/Coco UHT.1Lt,$ 3.09,True,24/08/2022,Central Madeirense,arroz,3.09
299,Base Iberia Para Arroz Primavera  50Gr,$ 1.60,True,24/08/2022,Central Madeirense,arroz,1.6
300,Crema De Arroz Primor Enriquecida 900Gr,$ 2.78,True,24/08/2022,Central Madeirense,arroz,2.78
301,Base Iberia Para Arroz Con Pollo  50Gr,$ 1.60,True,24/08/2022,Central Madeirense,arroz,1.6
302,Crema De Arroz Primor Paq.900Gr,$ 2.14,True,24/08/2022,Central Madeirense,arroz,2.14
303,Crema La Lucha De Arroz 900Gr,$ 1.63,True,24/08/2022,Central Madeirense,arroz,1.63
304,Mezcla Pan Maiz Bco y Arroz 1Kg,$ 1.48,True,24/08/2022,Central Madeirense,arroz,1.48
305,Crema De Arroz Primor Enriquecida Paq.450Gr,$ 1.35,True,24/08/2022,Central Madeirense,arroz,1.35
306,Sopa Iberia Pollo Con Arroz 65Gr,$ 0.90,True,24/08/2022,Central Madeirense,arroz,0.9
307,Cereal Nestle Arroz Prebio Paq. 225Gr,$ 3.53,True,24/08/2022,Central Madeirense,arroz,3.53
308,Crema De Arroz Mary Enriquecida Bolsa 450Gr,$ 0.80,True,24/08/2022,Central Madeirense,arroz,0.8
309,Sopa Maggi Pollo Con Arroz 62Gr,$ 0.99,True,24/08/2022,Central Madeirense,arroz,0.99
310,Crema De Arroz Santoni Enriquecida 400Gr,$ 1.06,True,24/08/2022,Central Madeirense,arroz,1.06
311,ARROZ   MARY 800GR INTEGRAL,Bs. 6.40,True,24/08/2022,Plan Suarez,arroz,1.0188324816530558
312,ARROZ  MARY 1KG BLANCO SUPERIOR,Bs. 6.07,True,24/08/2022,Plan Suarez,arroz,0.9662989318178201
313,ARROZ  MARY 800GR DORADO,Bs. 7.24,True,24/08/2022,Plan Suarez,arroz,1.1525542448700192
314,ARROZ  SANTONI 1KG EXCELENTE,Bs. 7.06,True,24/08/2022,Plan Suarez,arroz,1.123899581323527
315,ARROZ  SANTONI 1KG PREMIUM TIPO 1,Bs. 6.68,True,24/08/2022,Plan Suarez,arroz,1.063406402725377
316,ARROZ  SANTONI 1KG ZAFIRO TIPO 1,Bs. 5.20,True,24/08/2022,Plan Suarez,arroz,0.8278013913431078
317,ARROZ 1% AGUA BLANCA 1KG BLANCO PREM,Bs. 5.70,True,24/08/2022,Plan Suarez,arroz,0.9073976789722528
318,ARROZ AGUA BLANCA 1KG DIAMANTE,Bs. 7.60,True,24/08/2022,Plan Suarez,arroz,1.2098635719630035
319,ARROZ DOÑA EMILIA 1KGTIPO I,Bs. 5.40,True,24/08/2022,Plan Suarez,arroz,0.8596399063947658
320,ARROZ MARY 1KG TRADICIONAL,Bs. 6.16,True,24/08/2022,Plan Suarez,arroz,0.9806262635910662
321,ARROZ MARY 900GR BLANCO PREMIUN TIPO 1,Bs. 7.36,True,24/08/2022,Plan Suarez,arroz,1.1716573539010142
322,ARROZ NUDELI 1KG ARBORIO,Bs. 35.53,True,24/08/2022,Plan Suarez,arroz,5.656112198927042
323,ARROZ PRIMOR 1KG CLASICO,Bs. 7.95,True,24/08/2022,Plan Suarez,arroz,1.2655809733034051
324,ARROZ SCOTTI 500GR PARA SUSHI,Bs. 22.55,True,24/08/2022,Plan Suarez,arroz,3.5897925720744386
325,BEBIDA DE ARROZ GREENSTAR 1LTR AVELL UHT,Bs. 17.76,True,24/08/2022,Plan Suarez,arroz,2.82726013658723
326,BEBIDA DE ARROZ GREENSTAR 1LTR ORIGI UHT,Bs. 17.76,True,24/08/2022,Plan Suarez,arroz,2.82726013658723
327,CEREAL INF  NESTUM 225GR ARROZ,Bs. 20.81,True,24/08/2022,Plan Suarez,arroz,3.3127974911250138
328,CHICHA DE ARROZ CAMPESTRE 200 GRS,Bs. 7.63,True,24/08/2022,Plan Suarez,arroz,1.2146393492207523
329,CHICHA DE ARROZ CAMPESTRE 400 GRS,Bs. 12.62,True,24/08/2022,Plan Suarez,arroz,2.0090102997596193
330,CREMA ARROZ POLLY 2000 GR,Bs. 27.57,True,24/08/2022,Plan Suarez,arroz,4.388939299871054
331,CREMA DE ARROZ LA LUCHA 900GR,Bs. 12.02,True,24/08/2022,Plan Suarez,arroz,1.9134947546046452
332,CREMA DE ARROZ LA LUCHA 900GR,Bs. 12.02,True,24/08/2022,Plan Suarez,arroz,1.9134947546046452
333,CREMA DE ARROZ MARY  450GR,Bs. 4.72,True,24/08/2022,Plan Suarez,arroz,0.7513889552191285
334,CREMA DE ARROZ POLLY 450GR ENRIQUECIDA,Bs. 8.91,True,24/08/2022,Plan Suarez,arroz,1.4184058455513635
335,CREMA DE ARROZ POLLY 900GR,Bs. 13.93,True,24/08/2022,Plan Suarez,arroz,2.2175525733479793
336,CREMA DE ARROZ PRIMOR 450GR,Bs. 9.68,True,24/08/2022,Plan Suarez,arroz,1.5409841285002468
337,CREMA DE ARROZ PRIMOR 900GR,Bs. 15.73,True,24/08/2022,Plan Suarez,arroz,2.5040992088129013
338,CREMA DE ARROZ SANTONI 400GRS,Bs. 5.08,True,24/08/2022,Plan Suarez,arroz,0.808698282312113
339,GALLETA LAURA 110GR D ARROZ INTEGRAL,Bs. 10.86,True,24/08/2022,Plan Suarez,arroz,1.7288313673050288
340,GALLETAS FINA ARROZ 120GR ARROZ INTG BIO,Bs. 6.38,True,24/08/2022,Plan Suarez,arroz,1.01564863014789
341,HARINA MAIZ Y ARROZ PAN 1 KG,Bs. 9.15,True,24/08/2022,Plan Suarez,arroz,1.4566120636133533
342,MORCILLA DE ARROZ MONTSERRATINA X KG,Bs. 44.92,True,24/08/2022,Plan Suarez,arroz,7.150930480602385
343,MORCILLA TOVAR ARROZ 5 UNID,Bs. 34.80,True,24/08/2022,Plan Suarez,arroz,5.53990161898849
344,SOPA IBERIA 65GR POLLO ARROZ,Bs. 5.61,True,24/08/2022,Plan Suarez,arroz,0.8930703471990067
345,VINAGRE DE ARROZ CAYO DE AGUA 500ML,Bs. 18.27,True,24/08/2022,Plan Suarez,arroz,2.9084483499689573
346,HUEVOS A GRANEL CARTON X 30 UND (CA),Bs. 32.59,True,24/08/2022,Plazas,huevos,5.18808602766767
347,HUEVOS DE CODORNIZ CODORGAR ESTUCHE 24UN (UN),Bs. 23.24,True,24/08/2022,Plazas,huevos,3.6996354490026584
348,HUEVOS DE CODORNIZ CODORGAR ESTUCHE 50UN (UN),Bs. 47.28,True,24/08/2022,Plazas,huevos,7.52662495821195
349,HUEVOS 30 UN,$ 5.49,True,24/08/2022,Gama,huevos,5.49
350,HUEVOS PET PUROVO 15 UN,$ 3.35,True,24/08/2022,Gama,huevos,3.35
351,HUEVOS FRESCOS EXCELSIOR GAMA (A) 12 UN,$ 2.45,False,24/08/2022,Gama,huevos,2.45
352,HUEVOS PUROVO ESTUCHE 12 UN,$ 2.45,False,24/08/2022,Gama,huevos,2.45
353,HUEVOS ESTUCHE SAN BLAS 12 UN,$ 2.45,False,24/08/2022,Gama,huevos,2.45
354,Huevos Rojos Grande Est. 30 Unidades,$ 4.50,True,24/08/2022,Central Madeirense,huevos,4.5
355,Huevos Rojos Grande Est. 12 Unidades,$ 1.99,True,24/08/2022,Central Madeirense,huevos,1.99
356,HUEVOS GRANDES  X 15,Bs. 16.26,True,24/08/2022,Plan Suarez,huevos,2.588471273699795
357,PORTAHUEVOS PLASUTIL 12UN BLANCO,Bs. 21.09,True,24/08/2022,Plan Suarez,huevos,3.357371412197335
